<?xml version="1.0"?>
<doc>
    <assembly>
        <name>Setup.ForcedUninstall</name>
    </assembly>
    <members>
        <member name="T:Microsoft.VS.Uninstaller.CommandOption">
            <summary>
            Option class to describe name-value pairs.
            </summary>
        </member>
        <member name="P:Microsoft.VS.Uninstaller.CommandOption.Command">
            <summary>
            This is a descriptor of a command that can be run via a console application.
            </summary>
        </member>
        <member name="P:Microsoft.VS.Uninstaller.CommandOption.Description">
            <summary>
            This is a description showed to the user of what the command does.
            </summary>
        </member>
        <member name="P:Microsoft.VS.Uninstaller.CommandOption.CommandCompareValue">
            <summary>
            What value should we try to check for comparison?
            </summary>
        </member>
        <member name="P:Microsoft.VS.Uninstaller.CommandOption.Value">
            <summary>
            What is the value of the parameter
            </summary>
        </member>
        <member name="M:Microsoft.VS.Uninstaller.CommandOption.#ctor(System.String,System.String,System.String,System.String)">
            <summary>
            Creating a new option takes the 4 properties values as parameters
            </summary>
            <param name="command"></param>
            <param name="description"></param>
            <param name="commandcomparevalue"></param>
            <param name="value"></param>
        </member>
    </members>
</doc>
